1001,apron,5,裁縫師(tailor),cutting table,iv,650,1005:2;5000:4,快速,布甲(clothes),0,60:1018
1002,basic tunic,1,裁縫師(tailor),cutting table,i,90,5000:4,快速,布甲(clothes),0,20:1005
1003,beast attire,9,裁縫師(tailor),good cutting table,iii,3400,5001:8;5002:5;5003:4,中,布甲(clothes),0,68:1017
1004,cleric's robe,11,店長(shopkeeper),spacious table,v,4600,5001:8;5002:8;5003:2,超長,布甲(clothes),10001,0
1005,cloak,2,裁縫師(tailor),cutting table,ii,170,5001:2;5000:2,快速,布甲(clothes),0,16:1023;32:1015
1006,cloak of concealment,8,裁縫師(tailor),good cutting table,ii,16000,1020:1;5004:1,長,布甲(clothes),0,0
1007,conjurer's robe,4,裁縫師(tailor),cutting table,iii,3800,5002:1;5001:4;5005:1,長,布甲(clothes),0,0
1008,cosmic apparel,16,裁縫師(tailor),fine cutting table,iv,29000,1020:2;5006:5;5001:6;5007:4;5002:8,快速,布甲(clothes),0,112:1024
1009,elemental wonder,15,裁縫師(tailor),fine cutting table,iii,22000,1010:2;1503:1;5002:6;5007:4;5001:7,長,布甲(clothes),0,100:1008
1010,evoker's robe,4,裁縫師(tailor),cutting table,iii,495,5002:1;5001:4,中,布甲(clothes),0,24:1007;48:1001
1011,grandmaster's robe,18,裁縫師(tailor),fine cutting table,v,340000,1010:5;5006:10;5001:15;5007:10;5002:10;5008:2,快速,布甲(clothes),10002,0
1012,guideon robe,11,裁縫師(tailor),good cutting table,v,20000,1004:2;5001:4;5002:6;5009:2;5007:2;5003:4,短,布甲(clothes),0,32:1014;48:1013;80:1021
1013,ifrit's flaming apparel,13,裁縫師(tailor),fine cutting table,i,210000,1010:3;5008:2;1369:5;5009:4;5007:4;5002:8,短,布甲(clothes),0,0
1014,invisibility robe,16,附魔師(enchanter),mystical cauldron,v,280000,1006:1;5010:2,超長,布甲(clothes),0,0
1015,leather coat,3,裁縫師(tailor),cutting table,iii,310,5000:3;5001:3,快速,布甲(clothes),0,40:1010
1016,lord of darkness,19,裁縫師(tailor),fine cutting table,v,300000,1017:3;1003:10;1499:2;5011:2;5001:15;5007:12,長,布甲(clothes),0,0
1017,lord's robe,10,裁縫師(tailor),good cutting table,iv,5300,5001:6;5002:7;5009:1;5007:1;5003:5,短,布甲(clothes),0,68:1012
1018,monk cloak,5,裁縫師(tailor),cutting table,iv,940,5000:5;5012:2;5013:4;5002:3,短,布甲(clothes),0,48:1022
1019,priest's robe,7,裁縫師(tailor),cutting table,v,2100,5001:5;5002:5;5003:2,超長,布甲(clothes),0,72:1020
1020,rich cloak,7,裁縫師(tailor),good cutting table,ii,2800,5001:8;5002:5;5003:3,短,布甲(clothes),0,32:1006;48:1003
1021,sky mantle,13,裁縫師(tailor),fine cutting table,ii,15000,1019:2;5001:6;5002:6;5007:3,短,布甲(clothes),0,88:1009
1022,smith's apron,6,裁縫師(tailor),cutting table,v,1200,1001:1;5001:2;5002:2,快速,布甲(clothes),0,48:1019
1023,treated cloak,2,裁縫師(tailor),cutting table,ii,1800,5001:4;5000:4;5014:1,短,布甲(clothes),0,0
1024,vest of lies,17,裁縫師(tailor),fine cutting table,v,220000,1003:4;5015:1;5001:10;5007:2;5002:8,超長,布甲(clothes),0,144:1016
1025,arm guard,5,裁縫師(tailor),cutting table,iv,600,5000:6;5012:3,中,護腕(bracers),0,48:1026;64:1034;arm guard:1025
1026,abyssal arm guard,4,裁縫師(tailor),cutting table,iii,7500,5000:4;5012:2;5016:1,長,護腕(bracers),0,0
1027,elfwood vambrace,7,裁縫師(tailor),good cutting table,ii,1400,1031:1;5017:5;5012:4;5018:2,短,護腕(bracers),0,32:1032
1028,elven vambrace,10,店長(shopkeeper),spacious table,v,18000,5012:15;1027:3,短,護腕(bracers),10003,0
1029,enabling vambrace,15,裁縫師(tailor),fine cutting table,iii,16000,1035:2;5000:10;5001:8;5019:8;5007:5,長,護腕(bracers),0,60:1030
1030,gladiator's vambrace,18,裁縫師(tailor),fine cutting table,iv,430000,1033:5;1462:5;5009:8;5019:8;5018:8;5020:3,長,護腕(bracers),0,0
1031,iron bracers,1,店長(shopkeeper),work table,i,40,5013:1,快速,護腕(bracers),0,12:1494
1032,stone hands,11,裁縫師(tailor),good cutting table,v,7700,5021:4;5018:6;5003:7;5017:8,中,護腕(bracers),0,60:1029
1033,vambrace,4,裁縫師(tailor),cutting table,iii,250,5000:4;5013:5,短,護腕(bracers),0,48:1025
1034,war vambrace,6,裁縫師(tailor),cutting table,v,840,5000:5;5013:6;5002:3,短,護腕(bracers),0,48:1027
1035,wrist guard,2,裁縫師(tailor),cutting table,ii,65,5017:3,快速,護腕(bracers),0,36:1033
1036,blackbeard,16,附魔師(enchanter),luxurious table,iv,160000,5020:1;5018:8;5009:3;5006:2;5022:8,超長,火槍(guns),0,0
1037,blue lagoon,17,發明家(tinkerer),luxurious table,v,20000,5012:8;5018:6;5021:5;5022:8;5013:8,中,火槍(guns),0,60:1053
1038,dragon,5,發明家(tinkerer),work table,v,275,5017:4;5013:2,中,火槍(guns),0,32:1041;52:1047
1039,escopette,8,發明家(tinkerer),spacious table,iii,1600,5017:4;5012:2;5021:1;5022:2,短,火槍(guns),0,60:1045
1040,everlasting pistol,19,發明家(tinkerer),luxurious table,v,320000,1045:3;5023:1;5009:4;5006:2;5022:6;5012:8,長,火槍(guns),0,120:1044
1041,fiery dragon,4,發明家(tinkerer),spacious table,i,7900,1038:1;5024:1,中,火槍(guns),0,0
1042,gold dragon,14,發明家(tinkerer),luxurious table,ii,10000,1038:1;5018:6;5021:3;5022:6,中,火槍(guns),0,48:1049
1043,green dragon,16,發明家(tinkerer),luxurious table,iv,37000,1038:3;5018:10;5009:7;5022:10;5012:6;5013:8,長,火槍(guns),0,100:1040
1044,hand of god,20,發明家(tinkerer),luxurious table,v,630000,1047:15;1506:2;5025:1;5018:8;5009:5;5022:10,超長,火槍(guns),0,0
1045,lightning bolt,9,發明家(tinkerer),spacious table,iv,4700,5012:3;5018:3;5021:2;5022:3,中,火槍(guns),0,48:1042
1046,musket,3,發明家(tinkerer),work table,iii,145,5017:2;5013:2,短,火槍(guns),0,20:1038
1047,musketeer's rifle,5,發明家(tinkerer),work table,v,475,5017:4;5013:2;5022:1,短,火槍(guns),0,48:1052
1048,pistol,1,發明家(tinkerer),work table,ii,55,5017:1;5013:1,快速,火槍(guns),0,8:1435;12:1046
1049,quickdraw pistol,14,發明家(tinkerer),luxurious table,ii,15000,1051:1;5018:6;5021:4;5022:7;5017:8,中,火槍(guns),0,32:1037
1050,rising dragon,17,店長(shopkeeper),luxurious table,v,560000,5023:1;5026:1;5009:8;5006:8;5022:8,超長,火槍(guns),0,0
1051,sharpshooter,5,店長(shopkeeper),spacious table,i,2200,5017:5;5012:4;5022:3,中,火槍(guns),10004,0
1052,sniper rifle,6,發明家(tinkerer),spacious table,ii,1300,5017:5;5012:2;5013:1;5022:2,快速,火槍(guns),0,72:1039
1053,soul shooter,16,發明家(tinkerer),luxurious table,iv,24000,1052:3;5018:8;5009:1;5006:1;5022:8,中,火槍(guns),0,68:1036;96:1043
1054,assault axe,5,鐵匠(blacksmith),iron anvil,iv,460,5013:6;5012:2,短,斧(axes),0,32:1065;48:1071
1055,asunder,16,鐵匠(blacksmith),mithril anvil,iv,15000,5009:5;5021:8;5012:5,超長,斧(axes),0,92:1074
1056,brier axe,15,鐵匠(blacksmith),mithril anvil,iii,13000,5009:5;5006:3;5018:5,中,斧(axes),0,80:1055
1057,broad axe,3,鐵匠(blacksmith),iron anvil,ii,240,5017:4;5013:4,中,斧(axes),0,15:1062;48:1063
1058,elfwood pole axe,5,店長(shopkeeper),spacious table,i,1700,5021:2;5012:6,快速,斧(axes),0,55:1361
1059,enchanted labrys,13,附魔師(enchanter),luxurious table,ii,130000,1067:5;5021:3;5020:1,短,斧(axes),0,0
1060,frost axe,10,鐵匠(blacksmith),steel anvil,iv,25000,1057:5;5021:4;5027:1,快速,斧(axes),0,0
1061,giant halberd,17,鐵匠(blacksmith),mithril anvil,v,47000,1349:8;1054:5;5021:8;5009:5;5018:10,長,斧(axes),0,100:1066
1062,great broad axe,3,鐵匠(blacksmith),iron anvil,ii,2000,5017:5;5013:5;5014:1,中,斧(axes),0,0
1063,halberd,4,鐵匠(blacksmith),iron anvil,ii,300,5013:6;5012:1,短,斧(axes),0,60:1054
1064,hand axe,1,鐵匠(blacksmith),iron anvil,ii,150,5017:3;5013:3,快速,斧(axes),0,32:1068
1065,pirate axe,6,鐵匠(blacksmith),iron anvil,v,8300,1057:1;5016:1,短,斧(axes),0,0
1066,planet cutter,20,鐵匠(blacksmith),mithril anvil,v,430000,1071:5;1462:10;5026:1;5021:25;5009:10;5018:8,長,斧(axes),0,0
1067,pole axe,7,鐵匠(blacksmith),steel anvil,i,1400,5021:2;5012:4,長,斧(axes),0,60:1070
1068,small axe,2,鐵匠(blacksmith),iron anvil,ii,185,5017:3;5013:4,快速,斧(axes),0,48:1057
1069,sol axe,19,鐵匠(blacksmith),mithril anvil,v,260000,1070:2;5009:10;5023:1,中,斧(axes),10005,0
1070,steel battle axe,8,鐵匠(blacksmith),steel anvil,iii,1900,5021:4;5013:6,快速,斧(axes),0,64:1073
1071,stone axe,6,鐵匠(blacksmith),steel anvil,i,1000,5021:2;5012:3,短,斧(axes),0,60:1067
1072,stone cleaver,13,附魔師(enchanter),luxurious table,ii,18000,5021:8;5012:8;5018:8,短,斧(axes),0,0
1073,sturdy pole axe,9,鐵匠(blacksmith),steel anvil,iii,4300,1071:2;5021:2,短,斧(axes),0,40:1060;68:1075
1074,twinaxe,16,鐵匠(blacksmith),mithril anvil,iv,24000,1057:5;5021:8;5018:10;5009:4,中,斧(axes),0,100:1061
1075,war labrys,11,鐵匠(blacksmith),steel anvil,v,6200,1067:2;5021:3,短,斧(axes),0,52:1059;80:1076
1076,vicious chopper,13,鐵匠(blacksmith),mithril anvil,ii,9600,1462:1;1068:4;5009:2;5018:4;5007:1,短,斧(axes),0,40:1056
1077,angelwing,16,鐵匠(blacksmith),mithril anvil,iv,65000,1454:3;1095:6;5006:3;5009:3;5007:3,長,匕首(daggers),0,128:1080
1078,assassin's dagger,14,鐵匠(blacksmith),mithril anvil,ii,11000,1084:3;5009:5;5013:8;5000:6;5007:3,長,匕首(daggers),0,60:1086;120:1077
1079,bandit's dagger,3,鐵匠(blacksmith),iron anvil,ii,155,5013:4;5017:1,中,匕首(daggers),0,24:1092;48:1082
1080,blackblade,20,鐵匠(blacksmith),mithril anvil,v,480000,1078:3;1300:1;5015:1;5009:5;5007:3,超長,匕首(daggers),0,0
1081,curver blade,17,附魔師(enchanter),luxurious table,v,51000,5009:2;5006:1;5011:1,長,匕首(daggers),0,0
1082,cutter,4,鐵匠(blacksmith),iron anvil,iii,285,5013:5;5000:2,短,匕首(daggers),0,48:1095
1083,crimson heart,13,鐵匠(blacksmith),mithril anvil,i,8900,5009:5;5007:2;5013:8;5000:5,超長,匕首(daggers),0,84:1078
1084,dagger,1,鐵匠(blacksmith),iron anvil,i,60,5013:2,快速,匕首(daggers),10006,16:1064;20:1091
1085,dragon heart,15,店長(shopkeeper),luxurious table,iii,200000,5009:5;5007:5;5023:1,超長,匕首(daggers),10007,0
1086,ebony dagger,15,鐵匠(blacksmith),mithril anvil,iii,130000,1083:2;1392:8;5020:1,超長,匕首(daggers),0,0
1087,fire dagger,6,鐵匠(blacksmith),iron anvil,v,16000,1084:5;5024:2;5013:8;5021:4;5000:4,短,匕首(daggers),0,0
1088,knife,1,店長(shopkeeper),work table,i,45,5013:1,快速,匕首(daggers),0,12:1354
1089,kris,8,鐵匠(blacksmith),steel anvil,ii,2400,5021:4;5006:1,中,匕首(daggers),0,20:1097;60:1096
1090,mailbreaker,7,鐵匠(blacksmith),steel anvil,i,1900,5021:3;5013:8;5000:6,長,匕首(daggers),0,48:1089
1091,main gauche,2,鐵匠(blacksmith),iron anvil,ii,85,5013:3,快速,匕首(daggers),0,32:1079
1092,poison blade,5,鐵匠(blacksmith),iron anvil,iv,4100,5013:3;5014:1,長,匕首(daggers),0,0
1093,purse opener,6,鐵匠(blacksmith),iron anvil,v,1500,1095:1;1079:1,中,匕首(daggers),0,60:1090;purse opener:1093
1094,sacrificial blade,9,鐵匠(blacksmith),steel anvil,iii,5700,5021:5;5006:3,長,匕首(daggers),0,40:1081;68:1083
1095,steel blade,5,鐵匠(blacksmith),iron anvil,iv,1000,5021:3,短,匕首(daggers),0,28:1087;48:1093
1096,survival knife,8,鐵匠(blacksmith),steel anvil,ii,3400,1088:1;5021:4;5006:2,中,匕首(daggers),0,48:1094
1097,toxic blade,10,鐵匠(blacksmith),steel anvil,iv,9900,1089:1;5014:2,長,匕首(daggers),0,0
1098,belial,20,鎧甲師(armorer),mithril anvil,v,540000,1101:1;5009:4;5015:1;5011:2,短,重甲(heavy armor),10008,0
1099,brigandine,2,鎧甲師(armorer),iron anvil,ii,190,5013:4;5000:3,短,重甲(heavy armor),0,32:1100
1100,chain mail,3,鎧甲師(armorer),iron anvil,iii,310,5013:6;5000:4,快速,重甲(heavy armor),0,32:1109;48:1111
1101,demon plate,15,鎧甲師(armorer),mithril anvil,iii,180000,1107:5;5009:4;5015:1,中,重甲(heavy armor),0,0
1102,dragon plate,20,鎧甲師(armorer),mithril anvil,v,1010000,1104:5;1115:15;1497:1;5023:2;5009:10;5006:5,超長,重甲(heavy armor),0,0
1103,flexible plate,7,鎧甲師(armorer),steel anvil,ii,4600,5021:3;5019:6;5000:4,短,重甲(heavy armor),0,60:1105
1104,full plate,11,鎧甲師(armorer),steel anvil,v,8700,1107:1;5021:4;5019:5;5013:6,中,重甲(heavy armor),0,68:1106
1105,guard mail,9,鎧甲師(armorer),steel anvil,iii,5600,1100:2;5021:3;5000:5;5019:5,中,重甲(heavy armor),0,32:1112;60:1104
1106,great armor,12,鎧甲師(armorer),mithril anvil,i,12000,5009:4;5021:5;5000:4;5019:7,中,重甲(heavy armor),0,40:1101;68:1110
1107,half plate,5,鎧甲師(armorer),iron anvil,iv,1800,5021:2;5019:2;5000:4;5001:4,短,重甲(heavy armor),0,52:1108
1108,iron plate armor,6,鎧甲師(armorer),steel anvil,i,3100,5013:8;5021:4;5019:3;5000:2,短,重甲(heavy armor),0,60:1103
1109,light lorica,4,鎧甲師(armorer),iron anvil,iv,4300,5013:3;5021:2;5005:1,中,重甲(heavy armor),0,0
1110,lionheart,16,鎧甲師(armorer),mithril anvil,iv,21000,1509:2;5009:6;5021:8;5001:6;5000:5;5019:4,中,重甲(heavy armor),0,60:1114;112:1116
1111,lorica segmentata,4,鎧甲師(armorer),iron anvil,iii,640,5013:4;5021:2,短,重甲(heavy armor),0,48:1107
1112,plate of the moon,13,附魔師(enchanter),luxurious table,iv,100000,1107:2;5021:5;5010:1,長,重甲(heavy armor),0,0
1113,plate of the renown,20,店長(shopkeeper),luxurious table,v,540000,5008:1;5025:1;5009:4;5006:4;5007:4,長,重甲(heavy armor),10009,0
1114,rock armor,17,鎧甲師(armorer),mithril anvil,v,86000,1272:1;1032:1;5006:2;5009:3,長,重甲(heavy armor),0,0
1115,scale mail,1,鎧甲師(armorer),iron anvil,i,110,5013:3;5000:2,快速,重甲(heavy armor),0,12:1266;20:1099
1116,sky dragoon armor,19,鎧甲師(armorer),mithril anvil,v,310000,1115:10;5021:10;5009:10;5006:8;5026:1,中,重甲(heavy armor),0,128:1102
1117,berserker's sabatons,10,鎧甲師(armorer),steel anvil,iv,19000,1126:1;5021:6;5001:8;5006:3;5009:3;5013:8,短,重靴(heavy boots),0,96:1122
1118,dragoon's sabatons,20,鎧甲師(armorer),mithril anvil,v,630000,1119:15;5023:2;5021:10;5009:7;5006:4,長,重靴(heavy boots),0,0
1119,fine sabaton,2,鎧甲師(armorer),iron anvil,ii,470,5013:6;5000:4;5001:2,短,重靴(heavy boots),0,60:1124
1120,iron boots,1,鎧甲師(armorer),iron anvil,i,210,5013:4;5000:4,快速,重靴(heavy boots),0,32:1123;48:1119
1121,knight's sabatons,9,鎧甲師(armorer),steel anvil,iii,2900,5021:4;5001:5;5000:8,短,重靴(heavy boots),0,68:1117
1122,paladin's sabatons,14,鎧甲師(armorer),mithril anvil,ii,30000,1121:1;1532:2;5009:6;5021:4;5000:3;5001:10,中,重靴(heavy boots),0,120:1118
1123,spiked boots,4,鎧甲師(armorer),iron anvil,iii,4500,5013:2;5000:2;5024:1,短,重靴(heavy boots),0,0
1124,soldier's sabatons,7,鎧甲師(armorer),steel anvil,ii,890,5021:2;5001:2;5000:2,短,重靴(heavy boots),0,68:1121
1125,swift iron boots,10,附魔師(enchanter),spacious table,v,7400,5013:10;5000:9;5001:6;5021:6,快速,重靴(heavy boots),0,140:1072
1126,warrior's sabaton,12,店長(shopkeeper),luxurious table,i,4700,5021:8;5000:6;5001:4,短,重靴(heavy boots),10010,0
1127,ancient helmet,19,鎧甲師(armorer),mithril anvil,v,300000,5026:1;5021:6;5019:8;5009:2;5007:2,超長,重盔(heavy helmets),0,120:1140
1128,blessed helm,9,鎧甲師(armorer),steel anvil,ii,3500,5013:6;5021:4;5019:3,中,重盔(heavy helmets),0,68:1139
1129,brass helmet,2,鎧甲師(armorer),iron anvil,ii,190,5013:6,快速,重盔(heavy helmets),0,32:1131
1130,fitting top,5,鎧甲師(armorer),iron anvil,iv,780,5013:8;5000:10,中,重盔(heavy helmets),0,40:1133;60:1134
1131,full helmet,4,鎧甲師(armorer),iron anvil,iii,320,5013:8,中,重盔(heavy helmets),0,32:1130
1132,heavy helmet,6,店長(shopkeeper),spacious table,ii,365,5013:8,短,重盔(heavy helmets),10011,0
1133,kabuto,7,鎧甲師(armorer),steel anvil,ii,9300,1131:1;5016:1,短,重盔(heavy helmets),0,0
1134,knight's hauberk,6,鎧甲師(armorer),iron anvil,v,1000,5013:5;5021:1;5000:3;5001:2;5002:2,中,重盔(heavy helmets),0,64:1128
1135,metal cap,1,鎧甲師(armorer),iron anvil,i,105,5013:4,快速,重盔(heavy helmets),0,20:1129
1136,paladin's helmet,15,附魔師(enchanter),luxurious table,iii,31000,1128:1;5005:2;5009:3;5006:1,中,重盔(heavy helmets),0,0
1137,steel hauberk,11,鎧甲師(armorer),steel anvil,v,7900,1132:1;5013:7;5021:5;5019:6,中,重盔(heavy helmets),0,40:1136;80:1138
1138,transmundane full helmet,16,鎧甲師(armorer),mithril anvil,iv,16000,5009:4;5013:9;5021:4;5019:8,長,重盔(heavy helmets),0,96:1127
1139,war mask,10,鎧甲師(armorer),steel anvil,iv,5300,5013:6;5021:4;5019:5,中,重盔(heavy helmets),0,68:1137
1140,wrathful face,19,鎧甲師(armorer),mithril anvil,v,350000,1131:10;1139:6;5023:1;5009:5;5006:4;5007:2,長,重盔(heavy helmets),0,0
1141,bone helmet,3,皮甲師(leather worker),cutting table,iii,230,5017:4;5000:4,快速,頭盔(helmets),0,32:1151
1142,captain's helmet,11,皮甲師(leather worker),good cutting table,v,6200,5021:6;5000:8;5001:5;5012:6,短,頭盔(helmets),0,64:1147;100:1144
1143,demon helmet,7,皮甲師(leather worker),good cutting table,ii,22000,5012:4;5013:5;5000:3;5011:1,短,頭盔(helmets),0,0
1144,elven commander,15,皮甲師(leather worker),fine cutting table,iii,42000,1142:1;5009:5;5006:5;5000:5;5004:1,長,頭盔(helmets),0,32:1150
1145,evil shogun,19,皮甲師(leather worker),fine cutting table,iv,570000,1153:5;5015:2;1368:2;5009:8;5000:8;5018:8,長,頭盔(helmets),0,0
1146,gladiator's helmet,10,皮甲師(leather worker),good cutting table,iv,2400,5021:3;5001:3;5000:6;5012:3,快速,頭盔(helmets),0,60:1149;80:1142
1147,grim reaper,12,皮甲師(leather worker),fine cutting table,i,130000,1148:10;5015:1;5021:5;5002:5,中,頭盔(helmets),0,0
1148,leather helmet,1,皮甲師(leather worker),cutting table,i,140,5017:3;5000:3,快速,頭盔(helmets),0,20:1141
1149,mask of fear,7,附魔師(enchanter),spacious table,iii,100000,1141:5;1139:1;5020:1;5021:5;5000:8,短,頭盔(helmets),0,0
1150,opal helmet,17,皮甲師(leather worker),fine cutting table,v,380000,1146:3;5009:5;5007:3;5018:3;5025:1,快速,頭盔(helmets),0,64:1145
1151,shiny helmet,5,皮甲師(leather worker),cutting table,iv,280,5017:2;5012:2,快速,頭盔(helmets),0,48:1154
1152,silver helmet,17,皮甲師(leather worker),fine cutting table,v,68000,5009:10;5007:10;1153:3;5013:10;5000:10,中,頭盔(helmets),10012,0
1153,soldier's helmet,8,皮甲師(leather worker),good cutting table,ii,940,5021:2;5012:1;5001:2,短,頭盔(helmets),0,84:1146
1154,viking helmet,6,皮甲師(leather worker),good cutting table,i,560,5012:3;5013:2;5000:2,短,頭盔(helmets),0,48:1143;64:1153
1155,abolishing mace,15,木匠(carpenter),quality sawbench,iii,18000,1175:2;5012:8;5018:8;5021:6;5009:3;5007:2,中,錘(maces),0,60:1163;96:1162
1156,biomace,14,附魔師(enchanter),luxurious table,v,95000,1177:1;5010:1;5012:2;5019:2,中,錘(maces),0,0
1157,club,1,店長(shopkeeper),work table,i,25,5017:1,快速,錘(maces),0,12:1334
1158,crushing bludgeon,1,木匠(carpenter),sawbench,i,60,5017:2,快速,錘(maces),0,12:1344;20:1168
1159,crushing fist,11,木匠(carpenter),sturdy sawbench,v,5800,5017:10;5012:10;5013:5;5021:4,中,錘(maces),0,52:1156;80:1180
1160,crushing sledgehammer,6,木匠(carpenter),sturdy sawbench,i,6000,1174:1;5024:1;5012:4,中,錘(maces),0,0
1161,dark paladin hammer,10,木匠(carpenter),sturdy sawbench,iv,4600,5017:8;5012:6;5021:3;5019:3,中,錘(maces),0,68:1159
1162,deathbringer,16,木匠(carpenter),quality sawbench,iv,22000,5012:8;5018:6;5009:5;5007:5;5017:8;5013:8,長,錘(maces),0,96:1170
1163,demon worshipper,15,木匠(carpenter),quality sawbench,iii,170000,1173:1;1514:1;5011:1;5018:6;5007:4,中,錘(maces),0,0
1164,dragon skull,20,木匠(carpenter),quality sawbench,v,1250000,1165:1;1158:5;5023:3;5018:12;5009:8;5007:4,中,錘(maces),0,120:1164
1165,dragon tooth,19,木匠(carpenter),quality sawbench,v,240000,1174:5;5023:1;5018:4;5009:3;5007:3,超長,錘(maces),0,120:1164
1166,flail,6,木匠(carpenter),sawbench,v,790,5017:8;5012:3;5013:2,短,錘(maces),0,32:1160;68:1177
1167,great mace,7,店長(shopkeeper),spacious table,ii,9600,5017:15;5012:10;5021:8;1175:5,長,錘(maces),10013,0
1168,hammer,2,木匠(carpenter),sawbench,ii,105,5017:3;5013:1,快速,錘(maces),0,32:1174
1169,orange hammer,9,木匠(carpenter),sturdy sawbench,iii,1900,5017:6;5012:5;5021:2,短,錘(maces),0,60:1173
1170,planet smasher,18,木匠(carpenter),quality sawbench,v,27000,1178:2;5012:9;5018:8;5021:6;5007:5;5013:12,超長,錘(maces),0,112:1165
1171,post maul,3,木匠(carpenter),sawbench,iii,1600,5017:3;5013:3;5014:1,快速,錘(maces),0,0
1172,simon's whip,14,木匠(carpenter),quality sawbench,ii,14000,5018:6;5021:5;5007:4;5017:10;5012:8,中,錘(maces),0,88:1155
1173,skull crusher,9,木匠(carpenter),sturdy sawbench,iii,2800,5017:6;5012:5;5021:2;5019:2,中,錘(maces),0,68:1161
1174,sledgehammer,3,木匠(carpenter),sawbench,iii,190,5017:5;5013:2,快速,錘(maces),0,15:1171;32:1175
1175,soldier's mace,4,木匠(carpenter),sawbench,iii,290,5017:7;5013:2,短,錘(maces),0,48:1178
1176,spiked mace,2,店長(shopkeeper),work table,iii,370,5017:6;5013:4,快速,錘(maces),0,35:1058
1177,steel mace,7,木匠(carpenter),sturdy sawbench,ii,1200,5017:4;5012:3;5021:2,短,錘(maces),0,60:1169
1178,thorn mace,5,木匠(carpenter),sawbench,iv,415,5017:5;5012:2;5013:1,短,錘(maces),0,60:1166
1179,transmundane hammer,14,木匠(carpenter),quality sawbench,ii,11000,5012:6;5018:4;5009:3;5019:6,長,錘(maces),0,80:1172
1180,war priest's mace,12,木匠(carpenter),quality sawbench,i,6800,1161:1;5012:4;5018:2,快速,錘(maces),0,68:1179
1181,barbarian chief armor,5,皮甲師(leather worker),cutting table,iv,770,1188:1;5013:3;5002:3,中,中型護甲(medium armor),0,72:1183
1182,comfortable vest,15,皮甲師(leather worker),fine cutting table,iii,23000,1467:2;5001:10;5019:6;5007:4;5000:1,中,中型護甲(medium armor),0,120:1196
1183,cow leather armor,6,皮甲師(leather worker),cutting table,v,940,1189:1;5000:1,短,中型護甲(medium armor),0,100:1193
1184,divine leather,14,店長(shopkeeper),luxurios table,i,230000,5000:10;5001:6;5007:3;5025:1,長,中型護甲(medium armor),10014,0
1185,dragon leather,14,皮甲師(leather worker),good cutting table,v,430000,5000:5;5023:2,長,中型護甲(medium armor),0,0
1186,elven brigandine,12,皮甲師(leather worker),cutting table,i,11000,1189:3;5000:8;5006:3;5009:3,中,中型護甲(medium armor),0,96:1195
1187,evasive armor,10,皮甲師(leather worker),good cutting table,iv,82000,1193:1;5008:1,快速,中型護甲(medium armor),0,32:1200
1188,fur armor,1,皮甲師(leather worker),cutting table,i,110,5000:3;5013:2,快速,中型護甲(medium armor),0,20:1190
1189,gambeson,5,皮甲師(leather worker),cutting table,iv,610,5000:6;5017:4;5002:2,快速,中型護甲(medium armor),0,60:1181
1190,leather cuirass,2,皮甲師(leather worker),cutting table,ii,210,5000:4;5017:2;5001:1,快速,中型護甲(medium armor),0,32:1198
1191,noble leather,8,皮甲師(leather worker),good cutting table,ii,1500,1190:2;5001:3;5002:2,中,中型護甲(medium armor),0,128:1194
1192,padded leather armor,4,皮甲師(leather worker),cutting table,iii,465,5000:8;5017:5,短,中型護甲(medium armor),0,28:1197;60:1189
1193,perfect leather,7,皮甲師(leather worker),good cutting table,ii,1300,5000:5;5001:4;5002:3,短,中型護甲(medium armor),0,100:1191
1194,plated leather armor,9,皮甲師(leather worker),good cutting table,iii,2600,1198:1;5021:1;5001:1;5013:1,短,中型護甲(medium armor),0,40:1187;80:1186
1195,reign coat,14,皮甲師(leather worker),fine cutting table,ii,15000,1017:1;5001:8;5007:3;5009:2;5000:6,中,中型護甲(medium armor),0,112:1182
1196,samurai's armor,18,皮甲師(leather worker),fine cutting table,iv,330000,1194:4;5001:10;5000:10;5021:8;5009:6;5008:2,中,中型護甲(medium armor),0,128:1199
1197,soft leather armor,4,皮甲師(leather worker),cutting table,iv,4000,5000:5;5017:5;5005:1,中,中型護甲(medium armor),0,0
1198,studded leather armor,3,皮甲師(leather worker),cutting table,ii,325,5000:5;5013:5,中,中型護甲(medium armor),0,48:1192
1199,warrior's omen,20,皮甲師(leather worker),fine cutting table,v,690000,1196:1;1193:5;5015:1;5021:10;5009:6;5000:4,長,中型護甲(medium armor),0,0
1200,yeti armor,9,附魔師(enchanter),spacious table,iv,130000,1181:3;5027:1;5020:1,短,中型護甲(medium armor),0,32:1185
1201,angelic tiara,16,裁縫師(tailor),fine cutting table,iv,20000,1204:2;5013:10;5021:6;5009:4;5006:5;5003:8,長,帽子(hats),0,112:1206
1202,apprentice's hat,2,裁縫師(tailor),cutting table,ii,245,5001:3;5000:1,快速,帽子(hats),0,32:1212
1203,blazing hat,10,裁縫師(tailor),good cutting table,iv,3800,5001:8;5000:8;5002:7,中,帽子(hats),0,52:1210;76:1214
1204,circlet,1,裁縫師(tailor),cutting table,i,60,5017:3,快速,帽子(hats),0,20:1202
1205,cleric's hat,4,裁縫師(tailor),cutting table,iii,750,5001:5;5002:2,短,帽子(hats),0,32:1213;60:1209
1206,demonic tiara,15,裁縫師(tailor),fine cutting table,v,68000,5011:1;1204:10;1519:1;5009:4;5006:4,長,帽子(hats),0,128:1207
1207,electrifying tiara,19,裁縫師(tailor),fine cutting table,v,360000,1201:2;5026:1;5021:8;5009:4;5006:4,超長,帽子(hats),0,0
1208,elemental top,7,裁縫師(tailor),good cutting table,ii,1400,5001:6;5000:2;5002:3,短,帽子(hats),0,48:1203
1209,feathered hat,6,裁縫師(tailor),good cutting table,i,1100,5001:5;5002:3,中,帽子(hats),0,60:1208
1210,frozen feather,9,附魔師(enchanter),spacious table,v,85000,1209:1;5027:2;5002:8;5003:3,中,布甲(clothes),0,0
1211,master's hat,17,店長(shopkeeper),luxurious table,v,110000,1202:5;5001:6;5021:4;5002:4;5006:3;5008:1,快速,帽子(hats),10015,0
1212,monk hat,3,裁縫師(tailor),cutting table,iii,395,5001:4;5000:2,快速,帽子(hats),0,48:1205
1213,noble tiara,5,裁縫師(tailor),cutting table,iv,9600,1204:1;5004:1,短,帽子(hats),0,0
1214,siren hat,12,裁縫師(tailor),fine cutting table,i,10000,5001:8;5021:4;5002:9;5006:4,中,帽子(hats),0,80:1215
1215,streamlined conscience,15,裁縫師(tailor),fine cutting table,iii,13000,1205:1;5001:10;5006:4;5002:8;5003:6,短,帽子(hats),0,96:1201
1216,combat boots,13,皮甲師(leather worker),fine cutting table,ii,9700,1225:1;5006:4;5002:6;5001:6,短,靴子(boots),0,40:1224;96:1226
1217,courier's boots,9,皮甲師(leather worker),good cutting table,iv,15000,1223:1;5012:1;5004:1,短,靴子(boots),0,0
1218,explorer boots,19,皮甲師(leather worker),fine cutting table,v,390000,1226:3;1223:5;5026:1;5009:8;5006:5;5002:6,長,靴子(boots),0,0
1219,floating boots,5,皮甲師(leather worker),cutting table,v,4700,5001:5;5012:1;5005:1,長,靴子(boots),0,0
1220,fur boots,1,皮甲師(leather worker),cutting table,i,40,5000:2,快速,靴子(boots),0,12:1261;12:1188;36:1223
1221,insulated fur boots,10,皮甲師(leather worker),fine cutting table,ii,2000,1220:2;5006:1;5002:4,短,靴子(boots),0,84:1216
1222,loose boots,6,皮甲師(leather worker),good cutting table,i,480,5000:5;5002:2,快速,靴子(boots),0,40:1217;84:1221
1223,riding boots,3,皮甲師(leather worker),cutting table,iii,315,5001:3;5017:2,快速,靴子(boots),0,60:1222
1224,sasquatch wear,13,附魔師(enchanter),luxurious table,iii,90000,1220:3;5006:1;5002:5;5027:2,長,靴子(boots),0,0
1225,soft boots,7,店長(shopkeeper),spacious table,ii,1500,5000:10;5002:4,中,靴子(boots),10016,0
1226,traveling boots,16,皮甲師(leather worker),fine cutting table,iv,15000,5001:6;5018:5;5009:3;5006:4;5002:4,長,靴子(boots),0,128:1218
1227,abyssal tranquility,20,樂器工匠(luthier),quality sawbench,v,520000,5025:1;5016:2;5012:4;5018:6;5000:10;5009:3,中,樂器(musical instruments),0,0
1228,bagpipes,11,樂器工匠(luthier),sturdy sawbench,v,7400,5012:6;1237:1;5002:4;5018:3;5000:8,短,樂器(musical instruments),0,80:1229
1229,bard's lute,12,樂器工匠(luthier),quality sawbench,i,10000,5018:6;5012:8;5000:8;5001:8,短,樂器(musical instruments),0,88:1233
1230,bugle,8,樂器工匠(luthier),sturdy sawbench,ii,3400,5013:8;1240:1;5000:5;5003:6,長,樂器(musical instruments),0,72:1231
1231,celestial flute,8,樂器工匠(luthier),sturdy sawbench,ii,4000,5013:4;1232:1;5000:3;5003:3,長,樂器(musical instruments),0,80:1235
1232,celestial harp,5,店長(shopkeeper),spacious table,i,2100,5012:5;5000:5;5003:2,短,樂器(musical instruments),10017,0
1233,celestial pipes,13,樂器工匠(luthier),quality sawbench,ii,14000,5009:5;5001:5;5003:5;1232:1;5017:8,快速,樂器(musical instruments),0,100:1250
1234,charmer's flute,3,樂器工匠(luthier),sawbench,ii,6200,1240:3;5012:1;5005:1,中,樂器(musical instruments),0,0
1235,double flute,9,樂器工匠(luthier),sturdy sawbench,iii,4600,1238:1;5017:3;5012:5;5003:3,短,樂器(musical instruments),0,80:1241
1236,dragon pipes,10,店長(shopkeeper),spacious table,v,78000,5012:2;5018:2;5020:1,短,樂器(musical instruments),10018,0
1237,drums,5,樂器工匠(luthier),sawbench,iv,950,5012:3;5000:3;5002:1,短,樂器(musical instruments),0,64:1247
1238,elven flute,3,樂器工匠(luthier),sawbench,iii,520,5012:2;5003:1,快速,樂器(musical instruments),0,48:1246
1239,everlasting flute,10,店長(shopkeeper),luxurious table,i,7900,5018:4;5009:3;5003:6;5012:5,中,樂器(musical instruments),0,92:1381
1240,flute,1,樂器工匠(luthier),sawbench,i,170,5017:4,快速,樂器(musical instruments),0,12:1244
1241,flute of wonder,10,樂器工匠(luthier),sturdy sawbench,iv,5900,5012:5;5018:5;5017:6;5000:6,中,樂器(musical instruments),0,60:1252;88:1228
1242,harmonious flute,6,樂器工匠(luthier),sturdy sawbench,i,27000,5012:6;5027:1,中,樂器(musical instruments),0,0
1243,harmonious harp,4,樂器工匠(luthier),sawbench,iii,16000,5012:2;5000:2;5003:1;5004:1,短,樂器(musical instruments),0,0
1244,harp,2,樂器工匠(luthier),sawbench,ii,380,5012:2;5000:1,短,樂器(musical instruments),0,20:1234;32:1238
1245,horn of ages,18,樂器工匠(luthier),quality sawbench,v,54000,1247:2;5009:6;5007:5;5006:5;5018:8;5012:10,超長,樂器(musical instruments),0,108:1535;160:1227
1246,lute,4,樂器工匠(luthier),sawbench,iii,740,5017:5;5012:2;5000:3,短,樂器(musical instruments),0,40:1243;60:1237
1247,performer's lute,6,樂器工匠(luthier),sawbench,v,1300,1246:1;5012:2,中,樂器(musical instruments),0,48:1242;80:1251
1248,phoenix flute,17,樂器工匠(luthier),quality sawbench,v,94000,5004:1;1251:3;5006:8;5012:8;5018:8,中,樂器(musical instruments),10019,0
1249,ripieno,16,樂器工匠(luthier),quality sawbench,iv,26000,1230:2;5018:7;5009:1;5006:1;5003:8,短,樂器(musical instruments),0,120:1245
1250,silence of the deep,15,樂器工匠(luthier),quality sawbench,iii,19000,5012:8;5018:6;5009:5;5017:10;5000:8,長,樂器(musical instruments),0,100:1249
1251,twin flute,7,樂器工匠(luthier),sturdy sawbench,ii,2800,1240:1;5012:5;5003:4,快速,樂器(musical instruments),0,72:1230
1252,war drums,10,附魔師(enchanter),spacious table,v,140000,1237:1;5008:1,快速,樂器(musical instruments),0,0
1253,artisan's gloves,16,皮甲師(leather worker),fine cutting table,iv,49000,1260:2;5000:10;5007:8;5006:8;5002:10;5001:8,長,手套(gloves),0,128:1262
1254,dual wielder's gloves,14,皮甲師(leather worker),fine cutting table,ii,15000,1256:2;5001:6;5009:3;5007:3;5006:3;5002:8,長,手套(gloves),0,96:1253
1255,heat gloves,5,皮甲師(leather worker),cutting table,iv,5800,5000:4;5001:3;5002:3;5024:1,中,手套(gloves),0,0
1256,leather gloves,2,皮甲師(leather worker),cutting table,ii,190,5000:6,快速,手套(gloves),0,36:1255;60:1257
1257,long gloves,4,皮甲師(leather worker),cutting table,iii,650,5000:6;5001:2;5002:2,短,手套(gloves),0,68:1258
1258,noble's gloves,8,皮甲師(leather worker),good cutting table,ii,1700,5001:4;5007:1;5002:3,中,手套(gloves),0,60:1259;96:1254
1259,resistance gloves,10,皮甲師(leather worker),good cutting table,iv,130000,1257:1;5010:2,長,手套(gloves),0,0
1260,smith's gloves,6,店長(shopkeeper),spacious table,i,1100,5000:4;5001:4;5002:4,長,手套(gloves),10020,0
1261,soft gloves,1,皮甲師(leather worker),cutting table,i,70,5000:3,快速,手套(gloves),0,16:1148;32:1256
1262,soft griffon gloves,19,皮甲師(leather worker),fine cutting table,v,350000,1258:5;1261:5;5008:2;5009:5;5007:5;5002:8,中,手套(gloves),0,0
1263,fine gauntlets,3,鎧甲師(armorer),iron anvil,iii,385,5013:4;5000:4;5001:2,快速,護手(gauntlets),0,48:1270;64:1273
1264,grand gauntlets,10,鎧甲師(armorer),steel anvil,iv,5800,5021:3;5003:5;5019:5,中,護手(gauntlets),0,80:1268
1265,ice gauntlets,19,鎧甲師(armorer),mithril anvil,v,290000,1271:8;5027:4;5009:6;5021:7;5007:4,超長,護手(gauntlets),0,0
1266,iron gauntlets,1,鎧甲師(armorer),iron anvil,i,120,5013:4;5000:1,快速,護手(gauntlets),0,12:1135;12:1317;20:1120;32:1263
1267,knight's gauntlets,17,店長(shopkeeper),luxurious table,v,31000,1273:3;5019:6;5021:5;5009:8;5013:8,長,護手(gauntlets),10021,0
1268,man handlers,14,鎧甲師(armorer),mithril anvil,ii,9200,1273:1;5019:5;5021:5;5000:7;5013:7,長,護手(gauntlets),0,80:1269
1269,paladin's gauntlets,16,附魔師(enchanter),luxurious table,iv,24000,1263:1;5009:5;5007:5;5021:5;5013:8,中,護手(gauntlets),0,112:1272
1270,shell gauntlets,5,鎧甲師(armorer),iron anvil,v,12000,5021:2;5000:2;5004:1,短,護手(gauntlets),0,0
1271,spectacular gauntlets,7,鎧甲師(armorer),steel anvil,ii,2000,1263:2;5003:3,短,護手(gauntlets),0,64:1264
1272,stalagmite gloves,15,鎧甲師(armorer),mithril anvil,iv,49000,1266:5;5006:4;5007:2;5009:3;5016:2,長,護手(gauntlets),0,128:1265
1273,war gauntlets,6,鎧甲師(armorer),iron anvil,v,1100,5021:3;5000:4,短,護手(gauntlets),0,64:1271
1274,alert dust,5,德魯伊(druid),small cauldron,iv,580,1293:1;5028:2;5017:1,中,藥草(herbs),0,36:1279
1275,attribute seed,20,德魯伊(druid),mystical cauldron,v,620000,1289:8;5025:1;5012:10;5017:15;5006:4,超長,藥草(herbs),0,0
1276,cleansing herbs,11,德魯伊(druid),magic cauldron,v,4700,1280:1;1285:1;5022:8;5028:6,長,藥草(herbs),0,72:1289
1277,dragon powder,17,德魯伊(druid),mystical cauldron,iv,250000,1291:1;5022:10;5012:6;5018:4;5007:2;5023:1,長,藥草(herbs),0,120:1275
1278,dust triad,5,店長(shopkeeper),spacious table,i,2500,1274:3;5028:5;5017:5,短,藥草(herbs),10022,0
1279,elemental dust,6,德魯伊(druid),magic cauldron,i,1000,1285:1;5028:2;5017:2,短,藥草(herbs),0,48:1290;64:1287
1280,healing herbs,1,店長(shopkeeper),work table,i,35,5028:1,快速,藥草(herbs),0,12:1295
1281,herbs bundle,1,德魯伊(druid),small cauldron,i,95,5028:2,快速,藥草(herbs),0,12:1400;20:1293
1282,magic dust,9,德魯伊(druid),magic cauldron,iii,2200,1292:1;5028:5;5022:2;5012:5,中,藥草(herbs),0,45:1286
1283,magic leaves,5,德魯伊(druid),small cauldron,iv,2300,5028:5;5000:2;5014:1,長,藥草(herbs),0,0
1284,panacea,16,德魯伊(druid),mystical cauldron,iv,22000,5028:10;5012:8;5018:8;5007:5;5022:8,長,藥草(herbs),0,112:1277
1285,regen herbs,4,德魯伊(druid),small cauldron,iii,330,5028:4;5000:2,短,藥草(herbs),0,32:1274
1286,restoration powder,10,德魯伊(druid),magic cauldron,iv,3300,5028:7;5022:7,短,藥草(herbs),0,68:1276
1287,salve of protection,9,德魯伊(druid),magic cauldron,iii,1800,5028:3;5022:3;5012:4,中,藥草(herbs),0,64:1282
1288,seed of skill,14,德魯伊(druid),mystical cauldron,ii,190000,1289:3;5012:4;5007:4;5017:4;5006:4;5015:1,中,藥草(herbs),0,64:1288
1289,skill seedling,12,德魯伊(druid),mystical cauldron,i,7500,5017:8;5028:8;5012:8;5007:3;5018:3,短,藥草(herbs),0,64:1288;112:1284
1290,soothing herbs,8,德魯伊(druid),magic cauldron,ii,17000,1285:5;5004:1,中,藥草(herbs),0,0
1291,strength seed,12,店長(shopkeeper),luxurious table,i,23000,5017:10;5028:10;5012:10;1282:4,快速,藥草(herbs),10023,0
1292,strong herbs,3,店長(shopkeeper),work table,iii,125,5028:2,短,藥草(herbs),10024,0
1293,suple dust,2,德魯伊(druid),small cauldron,ii,185,5028:3,短,藥草(herbs),0,16:1283;24:1285
1294,acid vial,10,店長(shopkeeper),spacious table,v,32000,5014:5;5022:10;5003:10,長,藥水(potions),10025,0
1295,antidote,1,店長(shopkeeper),work table,ii,85,5028:2,短,藥水(potions),0,0
1296,antivenom,7,附魔師(enchanter),spacious table,iii,5700,5028:4;5022:4;5019:4;5003:2,快速,藥水(potions),0,120:1125
1297,bile jar,7,女法師(sorceress),magic cauldron,ii,3600,5028:5;5003:4;5019:4,短,藥水(potions),0,70:1309
1298,brisk beverage,5,女法師(sorceress),small cauldron,iv,760,5028:5;5003:2,快速,藥水(potions),0,48:1307
1299,cooling aid,6,女法師(sorceress),small cauldron,v,2600,1295:1;5019:3;5003:4;5028:4,快速,藥水(potions),0,36:1311;68:1297
1300,demon blood,16,女法師(sorceress),mystical cauldron,iv,140000,1297:4;5011:2;5006:3;5007:3;5002:8,長,藥水(potions),0,0
1301,energy drink,9,店長(shopkeeper),spacious table,iv,8700,5028:15;5003:8;1298:3,短,藥水(potions),10026,0
1302,heal potion,1,女法師(sorceress),small cauldron,i,115,5028:2,快速,藥水(potions),0,12:1375;16:1304
1303,health drink,12,女法師(sorceress),mystical cauldron,i,17000,1298:2;5019:10;5006:3;5003:3;5028:6,中,藥水(potions),0,80:1312
1304,health vial,2,女法師(sorceress),small cauldron,ii,325,1302:1;5028:2,快速,藥水(potions),0,20:1314
1305,holy spray,10,女法師(sorceress),magic cauldron,iv,61000,5010:1;5028:3;5003:6,超長,藥水(potions),0,112:1300
1306,magic drink,11,女法師(sorceress),magic cauldron,v,12000,1314:1;5019:5;5022:6;5006:3;5003:6,長,藥水(potions),0,80:1303
1307,mana potion,6,女法師(sorceress),small cauldron,v,2000,1314:1;5019:2;5003:4,短,藥水(potions),0,48:1299
1308,megalixir,20,女法師(sorceress),mystical cauldron,v,570000,1313:2;5025:1;5006:8;5003:8;5002:8,超長,藥水(potions),0,0
1309,potion of return,8,女法師(sorceress),magic cauldron,ii,4800,1298:1;5022:6;5002:5,超長,藥水(potions),0,68:1310
1310,rebirth potion,9,女法師(sorceress),magic cauldron,iii,6200,1298:1;5019:2;5022:6;5003:6,長,藥水(potions),0,40:1305;72:1306
1311,revive potion,7,女法師(sorceress),magic cauldron,i,14000,1314:1;5019:1;5004:1,長,藥水(potions),0,0
1312,soft potion,14,女法師(sorceress),mystical cauldron,ii,20000,1298:2;5028:8;5019:8;5022:6;5006:3;5003:5,長,藥水(potions),0,96:1313
1313,super potion,15,女法師(sorceress),mystical cauldron,iii,38000,1310:1;5019:10;5006:5;5003:8;5028:8;5002:9,超長,藥水(potions),0,0
1314,vial of mana,4,女法師(sorceress),small cauldron,iii,345,5028:3;5002:1,短,藥水(potions),0,32:1298
1315,blue bird shield,20,鎧甲師(armorer),mithril anvil,v,480000,1323:5;5009:8;5006:8;5018:10;5012:6;5025:1,超長,盾(shields),0,0
1316,bone shield,8,木匠(carpenter),sturdy sawbench,ii,2500,5012:3;5018:2;5002:5,長,盾(shields),0,60:1332;128:1326
1317,copper shield,2,鎧甲師(armorer),iron anvil,ii,170,5013:4;5000:2,快速,盾(shields),0,32:1324
1318,defender,15,鎧甲師(armorer),mithril anvil,iii,25000,5009:5;5007:5;5006:5;5000:8;5018:5,中,盾(shields),0,128:1315
1319,dolphin buckler,5,木匠(carpenter),sawbench,iv,790,5012:4;5017:2;5013:3,中,盾(shields),0,60:1316
1320,epic defender,18,附魔師(enchanter),mithril anvil,v,400000,1318:3;5009:5;5007:5;5006:5;5000:20;5018:10,超長,盾(shields),10027,0
1321,guardian tall shield,20,附魔師(enchanter),luxurious table,v,1000000,1378:1;1324:5;5009:8;5021:8;5013:20;5026:2,超長,盾(shields),0,0
1322,hard wood buckler,3,木匠(carpenter),sawbench,iii,470,1334:1;5012:2;5017:5;5013:2,快速,盾(shields),0,48:1319
1323,heater shield,6,鎧甲師(armorer),steel anvil,i,1800,5021:4;5002:1,短,盾(shields),0,72:1330
1324,kite shield,5,鎧甲師(armorer),iron anvil,iv,850,5013:8;5021:1;5017:6,中,盾(shields),0,60:1323
1325,leather shield,2,木匠(carpenter),sawbench,ii,150,5000:3;5017:3,快速,盾(shields),0,32:1322
1326,medusa shield,13,木匠(carpenter),quality sawbench,ii,11000,5018:10;5007:2;5009:2;5017:6,短,盾(shields),0,128:1331
1327,mind saver,16,附魔師(enchanter),mystical cauldron,iv,41000,1330:3;5018:5;5017:10;5007:3;5000:8,長,盾(shields),0,96:1327
1328,mirror shield,13,附魔師(enchanter),luxurious table,i,34000,1323:2;1500:2;5003:10,長,盾(shields),0,80:1333;96:1327
1329,paladin's heater shield,11,鎧甲師(armorer),steel anvil,v,19000,1323:1;5004:1,中,盾(shields),0,40:1318
1330,scutum,9,鎧甲師(armorer),steel anvil,iii,3100,5021:5;5000:6;5013:6,短,盾(shields),0,80:1329;96:1328
1331,seven seas shield,17,木匠(carpenter),quality sawbench,v,66000,1317:5;5016:2;5018:12;5017:20;5007:7,中,盾(shields),0,0
1332,spider shield,10,附魔師(enchanter),magic cauldron,iv,42000,1316:1;5011:1,長,盾(shields),0,0
1333,vengeful entity,19,附魔師(enchanter),mystical cauldron,iii,820000,1324:5;5020:2;5015:2,長,盾(shields),0,144:1321
1334,wooden buckler,1,店長(shopkeeper),work table,i,55,5017:1,快速,盾(shields),0,0
1335,adamant spear,18,木匠(carpenter),quality sawbench,v,37000,1344:2;5016:1;5018:8;5009:6;5006:4,超長,矛(spears),0,48:1335
1336,corrosive trident,4,木匠(carpenter),sawbench,iii,1800,5017:6;5013:3;5014:1,中,矛(spears),0,0
1337,fiery partisan,12,附魔師(enchanter),luxurious table,i,37000,1340:2;5024:2;5018:6;5021:4;5007:2,中,矛(spears),0,40:1337
1338,fine lance of the wolf,11,木匠(carpenter),sturdy sawbench,v,3900,5017:7;5012:5;5021:4;5009:1,中,矛(spears),0,40:1337;76:1356
1339,floating lance,9,木匠(carpenter),sturdy sawbench,iii,1800,5017:6;5012:6;5013:2;5021:1,中,矛(spears),0,30:1347;72:1345
1340,flying partisan,6,木匠(carpenter),sawbench,v,990,5012:5;5021:1,短,矛(spears),0,68:1360
1341,gaia's spine,15,木匠(carpenter),quality sawbench,iii,8500,5017:9;5012:8;5018:5;5009:2;5006:1,長,矛(spears),0,80:1350
1342,gladiator's trident,8,木匠(carpenter),sturdy sawbench,ii,1600,1357:1;5012:4;5021:2,中,矛(spears),0,68:1339
1343,gungnir,20,木匠(carpenter),quality sawbench,v,480000,1352:5;5010:1;1453:1;5018:2;5007:2;5006:1,超長,矛(spears),0,64:1343
1344,iron spear,1,木匠(carpenter),sawbench,i,50,5017:2;5013:1,快速,矛(spears),0,20:1353;20:1325
1345,knight's ranseur,10,木匠(carpenter),sturdy sawbench,iv,3000,1349:2;5017:12;5013:6;5021:2,短,矛(spears),0,72:1338
1346,mithril rivera,18,木匠(carpenter),quality sawbench,v,64000,1351:1;5009:8,超長,矛(spears),10028,0
1347,moon lance,9,木匠(carpenter),sturdy sawbench,iii,45000,5017:4;5012:4;5021:2;5010:1,中,矛(spears),0,0
1348,poseidon,15,木匠(carpenter),quality sawbench,iii,6200,5012:6;5018:4;5009:1;5006:1;5017:8,長,矛(spears),0,80:1341
1349,ranseur,4,木匠(carpenter),sawbench,iii,360,5017:8;5013:3,中,矛(spears),0,60:1352
1350,reinforced voulge,15,木匠(carpenter),quality sawbench,iii,12000,1358:1;5017:10;5012:7;5018:6;5009:3;5006:2,長,矛(spears),0,80:1350
1351,riviera,16,木匠(carpenter),quality sawbench,iv,26000,1339:1;5012:8;5018:8;5021:5;5009:4;5007:4,超長,矛(spears),0,112:1351
1352,seeking tip,5,木匠(carpenter),sawbench,iv,520,5017:10;5013:4,中,矛(spears),0,60:1340
1353,slicer,2,木匠(carpenter),sawbench,ii,135,5017:4;5013:2,快速,矛(spears),0,32:1357
1354,sharp spear,1,店長(shopkeeper),work table,i,40,5013:1;5017:1,快速,矛(spears),0,0
1355,sky partisan,17,店長(shopkeeper),luxurious table,v,150000,5011:3;5018:8;5021:6;5007:6,中,矛(spears),10029,0
1356,transmundane pike,13,木匠(carpenter),quality sawbench,ii,5800,1339:1;5009:2;5018:3,短,矛(spears),0,80:1348
1357,trident,3,木匠(carpenter),sawbench,ii,225,5017:6;5013:2,中,矛(spears),0,20:1336;40:1349
1358,trusty lance,10,店長(shopkeeper),spacious table,v,1000,5012:3;5013:2;5000:2,快速,矛(spears),10030,0
1359,twilight,20,木匠(carpenter),quality sawbench,v,1180000,1340:5;5026:3;5009:8;5007:8;5006:8,長,矛(spears),0,80:1359
1360,voulge,7,木匠(carpenter),sturdy sawbench,i,1100,5012:5;5021:1,長,矛(spears),0,68:1342
1361,warrior's trident,6,店長(shopkeeper),spacious table,iii,2900,5012:3;5021:5;5013:8,短,矛(spears),0,65:1484
1362,waterdancer,14,木匠(carpenter),quality sawbench,iii,35000,1348:1;5027:1;5005:1,快速,矛(spears),0,0
1363,apocalypscion,20,附魔師(enchanter),luxurious table,v,700000,1373:1;1365:1;1367:1;1372:1;1378:1;5026:1,超長,卷軸(scrolls),0,0
1364,blaze scroll,11,女法師(sorceress),magic cauldron,v,12000,1369:2;5018:6;5007:2;5006:2,中,卷軸(scrolls),0,112:1378
1365,darkness scroll,17,女法師(sorceress),mystical cauldron,v,110000,5019:10;5007:5;5018:6;5006:5;5011:1,長,卷軸(scrolls),0,160:1363
1366,earth scroll,3,女法師(sorceress),small cauldron,ii,405,1375:1;5022:1,中,卷軸(scrolls),0,32:1374
1367,earthquake scroll,8,女法師(sorceress),magic cauldron,ii,2900,1366:2;5012:2;5002:3,中,卷軸(scrolls),0,60:1368;96:1372
1368,evil scroll,6,女法師(sorceress),magic cauldron,i,42000,1375:5;5012:6;5002:8;5011:1,短,卷軸(scrolls),0,0
1369,fireball scroll,2,女法師(sorceress),small cauldron,ii,330,1375:1;5012:1,短,卷軸(scrolls),0,32:1366
1370,fireshield scroll,16,女法師(sorceress),mystical cauldron,iv,37000,1371:1;5018:6;5006:6;5007:3;5002:8,長,卷軸(scrolls),0,128:1365
1371,firestorm scroll,9,女法師(sorceress),magic cauldron,iii,4500,1369:2;5012:4;5002:4,短,卷軸(scrolls),10031,0
1372,fortune scroll,8,女法師(sorceress),magic cauldron,iii,7000,1374:3;5018:2;5007:1;5006:1,中,卷軸(scrolls),0,96:1364
1373,lava scroll,7,女法師(sorceress),magic cauldron,i,12000,1369:1;5012:3;5002:3;5024:1,長,卷軸(scrolls),0,0
1374,luck scroll,5,女法師(sorceress),small cauldron,iv,710,1375:1;5002:2,短,卷軸(scrolls),0,48:1376
1375,magic scroll,1,女法師(sorceress),small cauldron,i,140,5000:3,快速,卷軸(scrolls),0,20:1369
1376,protect scroll,6,女法師(sorceress),small cauldron,v,1400,1375:1;5022:2;5002:2,短,卷軸(scrolls),0,40:1373;68:1367
1377,shell scroll,12,附魔師(enchanter),spacious table,v,65000,1376:5;5018:6;5006:6;5016:1,長,卷軸(scrolls),10032,0
1378,shielding scroll,14,女法師(sorceress),mystical cauldron,iii,20000,1376:3;5018:4;5006:4,快速,卷軸(scrolls),0,112:1370
1379,anubis,19,店長(shopkeeper),luxurious table,v,360000,5012:5;5018:5;5015:2,長,法杖(staves),10033,0
1380,apocalyptic staff,20,附魔師(enchanter),mystical cauldron,v,1010000,1389:3;5006:8;5018:15;5007:8,超長,法杖(staves),10034,0
1381,bishop's staff,12,店長(shopkeeper),luxurious table,ii,15000,5012:7;5018:4;5021:4;5007:4;5006:4,中,法杖(staves),0,130:1050
1382,breath of frost,15,附魔師(enchanter),mystical cauldron,iv,110000,5009:5;5018:5;5027:2,長,法杖(staves),0,60:1402
1383,brightest rod,6,德魯伊(druid),magic cauldron,i,4800,1392:1;5024:1,短,法杖(staves),0,0
1384,cleansing staff,12,德魯伊(druid),mystical cauldron,i,7900,5018:5;5003:6;5007:3;5017:6;5012:4,中,法杖(staves),0,96:1404
1385,combat staff,5,德魯伊(druid),small cauldron,iv,670,1400:2;5012:3;5013:3,短,法杖(staves),0,36:1383;60:1394
1386,dark staff,11,德魯伊(druid),magic cauldron,v,27000,1405:1;5011:1,中,法杖(staves),0,0
1387,devilish rod,14,德魯伊(druid),mystical cauldron,iv,180000,1389:1;5011:1,長,法杖(staves),0,0
1388,dominus,14,附魔師(enchanter),mystical cauldron,iii,12000,1393:1;1464:1,快速,法杖(staves),0,32:1398
1389,dreadstick,16,德魯伊(druid),mystical cauldron,iv,110000,1386:2,中,法杖(staves),0,64:1387;96:1401
1390,dryad staff,3,德魯伊(druid),small cauldron,iii,350,1400:1;5017:4;5028:3,快速,法杖(staves),0,32:1408
1391,earth staff,8,德魯伊(druid),magic cauldron,ii,1600,1394:1;5022:2,中,法杖(staves),0,68:1405
1392,ebonystaff,2,德魯伊(druid),small cauldron,ii,175,1400:1;5028:2,短,法杖(staves),0,32:1390
1393,elemental rod,12,德魯伊(druid),magic cauldron,v,4100,1394:1;1287:1,超長,法杖(staves),0,80:1384
1394,enchanted staff,7,德魯伊(druid),magic cauldron,ii,990,5012:3;5003:3,短,法杖(staves),0,64:1391
1395,healer's companion,15,德魯伊(druid),mystical cauldron,iii,25000,1396:2;5005:2,中,法杖(staves),0,64:1389
1396,healerstaff,10,德魯伊(druid),magic cauldron,iv,2900,1394:1;5012:5;1285:1,短,法杖(staves),0,40:1386;68:1393
1397,mindful staff,19,德魯伊(druid),mystical cauldron,v,290000,1390:8;1466:8;5018:5;5007:5;5006:5,長,法杖(staves),0,160:1407
1398,moon stone staff,14,附魔師(enchanter),mystical cauldron,iii,220000,1404:1;5010:2,中,法杖(staves),0,32:1382
1399,nexus,17,德魯伊(druid),mystical cauldron,v,110000,1388:3;5018:8;5007:8;5006:8,長,法杖(staves),10035,0
1400,oaken staff,1,德魯伊(druid),small cauldron,i,95,5017:3,快速,法杖(staves),0,20:1392
1401,phoenix baton,17,德魯伊(druid),mystical cauldron,v,140000,1395:2;5004:2,中,法杖(staves),0,60:1397
1402,power of oceans,14,附魔師(enchanter),mystical cauldron,v,110000,5009:6;5018:5;5007:5;5016:3,長,法杖(staves),0,48:1406
1403,retribution,19,德魯伊(druid),mystical cauldron,v,400000,5012:12;5018:12;5007:12;5006:5;5025:1,中,法杖(staves),10036,0
1404,sapphire staff,13,德魯伊(druid),mystical cauldron,ii,9900,5012:6;5018:4;5021:2;5007:5,短,法杖(staves),0,68:1395;100:1388
1405,skeleton staff,9,德魯伊(druid),magic cauldron,iii,2300,1408:2,中,法杖(staves),0,68:1396
1406,staff of destruction,20,附魔師(enchanter),mystical cauldron,v,400000,1392:20;5026:1;5018:8;5007:3,超長,法杖(staves),0,0
1407,staff of power,20,附魔師(enchanter),mystical cauldron,v,640000,1394:15;5025:1;5018:8;5007:8;5006:8,超長,法杖(staves),0,0
1408,wood elf staff,4,德魯伊(druid),small cauldron,iii,550,5017:1;5012:4,短,法杖(staves),0,48:1385
1409,claymore,5,鐵匠(blacksmith),iron anvil,iv,395,5013:8;5000:4,短,劍(swords),0,20:1412;48:1414
1410,demonsbane,15,鐵匠(blacksmith),mithril anvil,iii,11000,5021:6;5019:6;5009:2,超長,劍(swords),0,60:1419
1411,excalibur,19,鐵匠(blacksmith),mithril anvil,v,390000,5009:4;1417:10;5025:1,超長,劍(swords),0,160:1413
1412,fire sword,5,鐵匠(blacksmith),iron anvil,iv,4400,1422:2;5024:1,短,劍(swords),0,40:1415
1413,hell sword,20,附魔師(enchanter),luxurious table,v,920000,1411:1;1094:1;5015:1;5021:8;5009:5,超長,劍(swords),0,0
1414,highlander,6,鐵匠(blacksmith),iron anvil,v,740,5021:2;5013:5;5000:2,中,劍(swords),0,60:1423
1415,ice brand,12,附魔師(enchanter),luxurious table,i,38000,1505:2;5021:5;5027:1,中,劍(swords),0,0
1416,lonewolf,15,鐵匠(blacksmith),mithril anvil,iii,86000,5009:1;5021:5;5020:1;1417:5,長,劍(swords),0,0
1417,long sword,4,鐵匠(blacksmith),iron anvil,iii,280,5013:7;5000:2,中,劍(swords),0,48:1409
1418,murasame,14,鐵匠(blacksmith),mithril anvil,ii,8000,5009:2;5021:5;5019:5;5000:7,長,劍(swords),0,60:1410
1419,paladin sword,15,鐵匠(blacksmith),mithril anvil,iii,25000,1424:1;5021:3;5019:4;5009:2,超長,劍(swords),0,20:1416;80:1425
1420,plain sword,1,鐵匠(blacksmith),iron anvil,i,35,5013:2,快速,劍(swords),0,20:1422
1421,rapier,3,鐵匠(blacksmith),iron anvil,ii,160,5013:5;5000:1,中,劍(swords),0,32:1417
1422,short sword,2,鐵匠(blacksmith),iron anvil,ii,90,5013:3,快速,劍(swords),0,20:1421
1423,soldier's sword,7,鐵匠(blacksmith),steel anvil,ii,1100,5021:3;5013:5,快速,劍(swords),0,60:1426
1424,templar blade,5,店長(shopkeeper),spacious table,i,7000,5021:10;5013:8;1414:3,快速,劍(swords),10037,0
1425,the one sword,16,鐵匠(blacksmith),mithril anvil,iv,32000,1427:2;5009:6;5006:4;5021:5;5019:4,長,劍(swords),0,100:1411
1426,wakizashi,8,鐵匠(blacksmith),steel anvil,ii,1500,5021:4,中,劍(swords),0,60:1428
1427,white great sword,11,鐵匠(blacksmith),steel anvil,v,3100,5009:2;5021:3;5013:8,短,劍(swords),0,60:1418
1428,zhanmadao,9,鐵匠(blacksmith),steel anvil,iii,2000,5021:4;5013:6;5000:3,中,劍(swords),0,60:1427
1429,black bombs,10,發明家(tinkerer),spacious table,v,6500,5017:8;5012:7;5021:4;5022:4,快速,投擲武器(thrown),0,68:1434
1430,blackout,19,發明家(tinkerer),mystical cauldron,v,340000,5021:8;5009:8;5022:15;5015:1;1365:1,短,投擲武器(thrown),10038,0
1431,boomerang,5,發明家(tinkerer),spacious table,i,630,5017:6;5012:2,短,投擲武器(thrown),0,48:1438
1432,boomshaka,18,附魔師(enchanter),luxurious table,v,210000,1436:1;1369:5;5020:1;5022:5;5009:5;5003:6,長,投擲武器(thrown),0,0
1433,breeze sling,4,發明家(tinkerer),work table,iv,500,5017:6;5001:2,短,投擲武器(thrown),0,60:1431
1434,circus knives,12,發明家(tinkerer),luxurious table,i,9300,5013:8;5021:5;5009:2;5019:5,中,投擲武器(thrown),0,72:1447
1435,darts,1,發明家(tinkerer),work table,ii,100,5013:3,快速,投擲武器(thrown),0,20:1444
1436,depth charge,10,發明家(tinkerer),magic cauldron,iv,28000,5021:6;5009:10;5022:10;5003:6;5013:10,短,投擲武器(thrown),0,100:1432
1437,double infinity,13,發明家(tinkerer),specious table,v,590000,1447:4;5015:2;5011:2;5009:4;5007:2;5021:8,中,投擲武器(thrown),0,0
1438,fine boomerang,7,發明家(tinkerer),spacious table,ii,1300,1431:1;5012:2;5017:3,中,投擲武器(thrown),0,48:1448
1439,flux shuriken,10,發明家(tinkerer),steel anvil,iv,15000,5021:6;5009:4;5019:7;5013:8,中,投擲武器(thrown),0,80:1446;96:1441
1440,frost shuriken,10,店長(shopkeeper),spacious table,v,100000,5021:6;5009:5;5019:5;5027:3,短,投擲武器(thrown),10039,0
1441,golden shuriken,15,發明家(tinkerer),mithril anvil,iii,33000,1447:1;5009:5;5007:4;5013:10,中,投擲武器(thrown),0,128:1443
1442,lightning bolts,8,發明家(tinkerer),spacious table,iii,19000,1435:3;5016:1;5021:8;5013:8,長,投擲武器(thrown),0,0
1443,mithril shuriken,17,發明家(tinkerer),mithril anvil,v,51000,1447:1;5009:8;5013:12;5007:6,長,投擲武器(thrown),0,160:1437
1444,sling,2,發明家(tinkerer),work table,ii,185,5017:3;5001:1,快速,投擲武器(thrown),0,32:1449
1445,shock darts,2,店長(shopkeeper),work table,iii,200,5013:2;5028:2,快速,投擲武器(thrown),10040,0
1446,short fuses,9,發明家(tinkerer),magic cauldron,iii,19000,1429:1;5021:6;5009:4;5022:4;5003:4,長,投擲武器(thrown),0,96:1436
1447,shuriken,8,發明家(tinkerer),steel anvil,ii,12000,5021:5;5009:5;5019:5,中,投擲武器(thrown),0,72:1439
1448,storm knives,7,發明家(tinkerer),spacious table,ii,3000,1445:1;5013:6;5021:3;5019:2,中,投擲武器(thrown),0,40:1442;68:1450
1449,throwing knives,3,發明家(tinkerer),work table,iii,270,5013:6,短,投擲武器(thrown),0,48:1433
1450,wounding knives,9,發明家(tinkerer),spacious table,iv,5100,1449:1;5013:8;5021:4;5019:3,中,投擲武器(thrown),0,60:1429
1451,anti elements band,10,附魔師(enchanter),spacious table,v,50000,5024:1;5027:1;5007:1,長,戒指(rings),0,0
1452,archmage's mark,15,珠寶師(jeweler),mithril anvil,iii,30000,1463:2;5009:5;5007:4;5006:5,中,戒指(rings),0,64:1453;96:1533
1453,atmosring,19,珠寶師(jeweler),mithril anvil,v,380000,1458:5;5026:1;5005:1;5009:2;5007:6;5006:6,長,戒指(rings),0,0
1454,band of light,10,珠寶師(jeweler),steel anvil,iv,5500,5013:8;5021:4;5007:2,中,戒指(rings),0,48:1451;80:1455
1455,banker's mark,11,珠寶師(jeweler),steel anvil,v,9500,5009:3;5007:2;5003:4;5021:3,中,戒指(rings),0,80:1466
1456,iron ring,2,珠寶師(jeweler),iron anvil,ii,175,5013:4,快速,戒指(rings),0,32:1458
1457,majestic ring,15,珠寶師(jeweler),mithril anvil,iii,17000,1469:3;5009:3;5007:4;5006:2,中,戒指(rings),0,88:1452
1458,reactive ring,3,珠寶師(jeweler),iron anvil,iii,245,5013:5,快速,戒指(rings),0,48:1469
1459,ring of conservation,15,附魔師(enchanter),mystical cauldron,ii,310000,5023:1;5007:3;5006:3;5009:6,長,戒指(rings),0,0
1460,ring of dexterity,1,珠寶師(jeweler),iron anvil,i,115,5017:3,快速,戒指(rings),10041,12:1456
1461,ring of kings,19,珠寶師(jeweler),mithril anvil,v,440000,1457:2;5009:5;5007:5;5006:4;5026:1,中,戒指(rings),10042,0
1462,ring of might,6,珠寶師(jeweler),steel anvil,i,2700,5021:4;5003:2,短,戒指(rings),0,68:1467
1463,ring of sorcery,10,店長(shopkeeper),spacious table,v,1800,5013:5;5003:4,快速,戒指(rings),10043,0
1464,ring of the dice,5,珠寶師(jeweler),iron anvil,iv,3300,5021:2;5014:1,快速,戒指(rings),0,32:1464
1465,ring of wizardry,5,珠寶師(jeweler),iron anvil,iv,960,5013:4;5021:1;5003:2,短,戒指(rings),0,32:1464;60:1471
1466,serpent band,12,珠寶師(jeweler),mithril anvil,i,13000,5013:10;5021:4;5009:3;5007:4,短,戒指(rings),0,60:1459;88:1457
1467,scholar's mark,8,珠寶師(jeweler),steel anvil,iii,3500,1465:1;5003:6,快速,戒指(rings),0,72:1454
1468,the one ring,20,珠寶師(jeweler),mithril anvil,v,630000,1533:1;5025:1;5009:10;5007:10;5006:10,超長,戒指(rings),0,0
1469,thief's mark,4,珠寶師(jeweler),iron anvil,iii,485,5013:8,中,戒指(rings),0,48:1465
1470,viper band,17,店長(shopkeeper),luxurious table,v,110000,5013:5;5021:5;5009:3;5007:3;5020:1,短,戒指(rings),10044,0
1471,warrior's ring,6,珠寶師(jeweler),iron anvil,v,2200,5013:6;5021:3;5003:2,快速,戒指(rings),0,60:1462
1472,bow of precision,4,製弓師(bowyer),sawbench,iii,760,1486:1;5017:4;5001:3,短,弓(bows),0,64:1491
1473,calamitous bow,11,製弓師(bowyer),sturdy sawbench,v,11000,1491:2;5017:8;5012:6;5018:3;5021:2;5001:4,短,弓(bows),0,96:1487
1474,civil bow,10,製弓師(bowyer),sturdy sawbench,iv,8300,1494:1;5018:6;5012:5;5001:8;5017:6,快速,弓(bows),0,64:1478;96:1473
1475,composite bow,6,製弓師(bowyer),sturdy sawbench,i,1800,5017:5;5012:4;5001:3,中,弓(bows),0,80:1479
1476,compound crossbow,17,製弓師(bowyer),quality sawbench,v,68000,1487:1;5012:8;5018:10;5009:6;5001:8,長,弓(bows),10045,0
1477,crossbow,2,製弓師(bowyer),sawbench,ii,385,5017:5;5013:2;5000:2,短,弓(bows),0,48:1472
1478,double shot,12,製弓師(bowyer),quality sawbench,i,110000,1483:1;5012:10;5018:8;5009:2;5001:4;5020:1,短,弓(bows),0,0
1479,ebony bow,7,製弓師(bowyer),sturdy sawbench,ii,2100,5012:5;5013:3;5001:3,短,弓(bows),0,80:1480
1480,elf bow,9,製弓師(bowyer),sturdy sawbench,iii,3100,1491:1;5012:5,中,弓(bows),0,40:1483
1481,fairy bow,7,製弓師(bowyer),sturdy sawbench,ii,6300,1489:1;5005:1,中,弓(bows),0,25:1490
1482,fast loading arbalest,16,製弓師(bowyer),quality sawbench,iv,34000,1477:2;5012:10;5018:10;5009:6;5001:10;5017:10,長,弓(bows),0,0
1483,gemini,10,製弓師(bowyer),sturdy sawbench,iv,6900,1489:3;5018:4;5012:6;5001:4,中,弓(bows),0,35:1474
1484,grand bow,8,店長(shopkeeper),spacious table,iv,3700,5012:3;5013:6;5001:5;5021:3,短,弓(bows),0,80:1239
1485,heavy crossbow,14,製弓師(bowyer),quality sawbench,ii,23000,1477:2;5012:6;5018:8;5021:4;5009:4;5001:10,長,弓(bows),0,80:1492;112:1482;120:1495;140:1496
1486,hunting bow,1,製弓師(bowyer),sawbench,i,115,5017:1;5001:1,快速,弓(bows),0,28:1489
1487,hunting crossbow,13,製弓師(bowyer),quality sawbench,i,15000,1477:1;5018:8;5009:2;5001:7;5012:7;5017:7,長,弓(bows),0,112:1485
1488,leaf bow,10,店長(shopkeeper),spacious table,v,100000,5017:10;5012:5;5008:1,中,弓(bows),10046,0
1489,long bow,2,製弓師(bowyer),sawbench,ii,210,5017:3;5001:1,快速,弓(bows),0,40:1477
1490,moonlight fairy bow,12,附魔師(enchanter),luxurious table,ii,120000,1481:1;5012:8;5018:6;5001:6;5010:1;5006:4,長,弓(bows),0,0
1491,piercer,5,製弓師(bowyer),sawbench,iv,1200,5017:7;5012:3;5000:2,中,弓(bows),0,48:1481;68:1475
1492,scorpion,16,製弓師(bowyer),quality sawbench,iv,71000,5012:10;5018:12;5009:4;5001:10;5011:1,長,弓(bows),0,0
1493,silk bow,6,製弓師(bowyer),sturdy sawbench,i,20000,5017:7;5001:1;5004:1,短,弓(bows),10047,0
1494,small bow,1,店長(shopkeeper),work table,ii,40,5017:1;5013:1,中,弓(bows),0,0
1495,the hurricane,20,製弓師(bowyer),quality sawbench,v,640000,1482:2;1477:5;5018:8;5009:5;5007:5;5025:1,超長,弓(bows),0,0
1496,vicious crossbow,19,製弓師(bowyer),quality sawbench,v,480000,1487:3;5026:1;5012:12;5018:8;5001:12;5017:12,超長,弓(bows),0,0
1497,amulet of evil protection,13,珠寶師(jeweler),luxurious table,i,190000,5021:6;5007:3;5003:6;5010:2,長,護身符(amulets),0,0
1498,amulet of life,10,珠寶師(jeweler),spacious table,v,2600,1507:1;5021:2;5003:4,短,護身符(amulets),0,72:1532
1499,amulet of darkness,9,珠寶師(jeweler),spacious table,iv,2400,1507:1;5013:5;5003:5,中,護身符(amulets),0,68:1498
1500,clairvoyance amulet,11,珠寶師(jeweler),spacious table,v,6600,5013:6;5021:2;5007:2;5003:5;5017:5,超長,護身符(amulets),0,76:1516
1501,clerical mark,3,店長(shopkeeper),spacious table,i,160,5013:2;5017:2,快速,護身符(amulets),10048,0
1502,death token,20,珠寶師(jeweler),luxurious table,v,650000,1499:3;1519:2;5015:2;5018:6;5006:4;5007:6,長,護身符(amulets),0,0
1503,elemental pendant,12,珠寶師(jeweler),luxurious table,i,11000,5018:6;5007:3;5006:1;5012:5,中,護身符(amulets),0,80:1510
1504,elemental talisman,9,珠寶師(jeweler),spacious table,iv,130000,5013:8;5012:6;5010:1,快速,護身符(amulets),0,0
1505,frost protector,9,珠寶師(jeweler),spacious table,iv,1900,5013:4;5021:2;5003:2,超長,護身符(amulets),0,68:1499
1506,holy talisman,15,珠寶師(jeweler),luxurious table,iii,25000,1498:2;5007:4;5006:4;5012:6,長,護身符(amulets),0,100:1513
1507,lucky amulet,1,珠寶師(jeweler),spacious table,i,105,5013:2;5017:1,快速,護身符(amulets),0,12:1512
1508,pendant of ice immunity,14,附魔師(enchanter),luxurious table,ii,180000,5018:6;5007:6;5006:2;5008:1,超長,護身符(amulets),0,0
1509,pendant of safety,5,珠寶師(jeweler),spacious table,i,530,5013:4;5017:3;5003:1,中,護身符(amulets),0,32:1520
1510,pendant of thunder immunity,13,珠寶師(jeweler),luxurious table,ii,16000,1509:2;5007:3;5006:3;5018:6;5012:4,短,護身符(amulets),0,60:1508;96:1519
1511,perfect jade,8,珠寶師(jeweler),spacious table,iii,1500,5013:3;5003:4,中,護身符(amulets),0,56:1505
1512,priest's mark,4,珠寶師(jeweler),spacious table,i,440,5013:3;5017:3;5003:1,快速,護身符(amulets),0,20:1509
1513,pyramid lace,17,珠寶師(jeweler),luxurious table,v,37000,5007:6;5006:4;5009:4;5018:7;5012:7,中,護身符(amulets),0,68:1534;112:1518
1514,rage token,15,珠寶師(jeweler),luxurious table,iii,130000,5021:8;5009:4;5007:6;5020:1,中,護身符(amulets),0,0
1515,red charm,7,珠寶師(jeweler),spacious table,ii,990,5013:5;5003:2;5002:1,中,護身符(amulets),0,32:1504;48:1511
1516,sage amulet,11,珠寶師(jeweler),spacious table,v,8200,1501:1;5013:7;5021:3;5007:3;5003:3,超長,護身符(amulets),0,40:1497;60:1503
1517,storm pendant,13,店長(shopkeeper),luxurious table,ii,18000,5021:3;5007:4;5003:6;5006:2;1393:1,短,護身符(amulets),10049,0
1518,symbol of the gods,17,珠寶師(jeweler),luxurious table,v,61000,1512:5;5007:8;5006:8;5018:8;5009:4,長,護身符(amulets),0,120:1502
1519,talisman of fear,15,珠寶師(jeweler),luxurious table,iii,19000,5018:6;5007:4;5012:8;5017:10;5003:6,長,護身符(amulets),0,68:1514;100:1506
1520,zazen amulet,6,珠寶師(jeweler),spacious table,ii,620,5013:6;5017:2;5003:1,快速,護身符(amulets),0,32:1515
1521,courier's sandals,10,裁縫師(tailor),good cutting table,iv,82000,5001:4;5002:2;5008:1,長,布鞋(shoes),0,112:1522
1522,exhilarating shoes,19,裁縫師(tailor),good cutting table,v,380000,1530:10;5008:2;5001:10;5018:10;5006:6;5007:6,快速,布鞋(shoes),0,0
1523,flying shoes,16,裁縫師(tailor),fine cutting table,iv,270000,1526:5;1454:2;5009:2;5026:1,長,布鞋(shoes),0,0
1524,fur shoes,5,裁縫師(tailor),cutting table,iv,520,5000:6;5001:1;5002:2,短,布鞋(shoes),0,48:1526
1525,grounded shoes,14,裁縫師(tailor),fine cutting table,ii,13000,1531:2;5006:5;5002:8;5003:8;5017:10,中,布鞋(shoes),0,64:1523
1526,heavenly sandals,6,裁縫師(tailor),cutting table,v,900,5012:2;5001:2;5002:3,中,布鞋(shoes),0,60:1530
1527,leather shoes,2,裁縫師(tailor),cutting table,ii,105,5000:3;5017:2,快速,布鞋(shoes),0,16:1035;28:1531
1528,questing shoes,9,裁縫師(tailor),good cutting table,iii,3000,5001:4;5018:3;5002:5;5000:5,中,布鞋(shoes),0,36:1521;80:1525
1529,sandals,1,裁縫師(tailor),cutting table,i,30,5000:1;5017:1,快速,布鞋(shoes),0,12:1002;12:1204;20:1527
1530,shiny shoes,7,裁縫師(tailor),good cutting table,ii,2000,5000:3;5017:2;5002:4;5003:2,短,布鞋(shoes),0,60:1528
1531,sturdy shoes,3,裁縫師(tailor),cutting table,iii,215,5000:5;5012:1,快速,布鞋(shoes),0,32:1524
1532,amulet of light,10,珠寶師(jeweler),spacious table,v,4600,1507:2;5021:3;5003:5;5013:6,中,護身符(amulets),0,76:1500
1533,foundation ring,16,珠寶師(jeweler),mithril anvil,iv,52000,1460:5;1464:2;5009:5;5007:10,長,戒指(rings),0,120:1468
1534,unholy talisman,1,珠寶師(jeweler),spacious table,iv,350000,1520:8;5007:4;5006:2;5023:1,中,護身符(amulets),0,68:1534
1535,eternal flute,19,樂器工匠(luthier),quality sawbench,v,350000,1241:1;1238:1;5026:1;5006:1;5018:4,超長,樂器(musical instruments),0,108:1535